bold,cool,epic,ethereal,heroic,luxurious,magical,mysterious,playful,powerful,retro,sophisticated,sparkling,sparse,unpolished,warm
0.012977078594055703,0.12006859185004776,0.024011928133073856,0.19104261838153683,0.08129356327382001,0.19728809476576067,0.1003817421045493,0.06459741622463545,0.1450046111236919,0.024922258802689612,0.06083679110319777,0.46367806526408956,0.14321479887108912,0.12378969545137476,0.018678764929063618,0.5386054746129296
