aggressive,calm,chilled,dark,energetic,epic,happy,romantic,sad,scary,sexy,ethereal,uplifting
0.02070338135139837,0.6436900535708647,0.6024328315183752,0.10824219347775632,0.035855031981367934,0.04694638348175822,0.21577017240203059,0.6699277896468885,0.4881120949890755,0.028693213421674416,0.025690286426088334,0.4396323621551567,0.08201378809050236
