aggressive,calm,chilled,dark,energetic,epic,happy,romantic,sad,scary,sexy,ethereal,uplifting
0.03636644801802256,0.548232452435927,0.633782256055962,0.07246476115489547,0.09167041502554309,0.06198028331114487,0.2599460184574127,0.7133944989605383,0.38680546561425383,0.014605423975312575,0.06819880211895163,0.22762580249797215,0.11998547850684686
